1,很不错哦,2022-05-08 07:14:24.240191,595,3,0,0,,,0,0
2,nice,2022-05-08 07:15:52.907287,595,3,0,0,,,0,0
3,nice,2022-05-08 07:16:37.394372,595,3,0,0,,,0,0
4,nice,2022-05-08 07:18:09.642582,595,3,0,0,,,0,0
5,nice,2022-05-08 07:21:44.346414,595,3,0,0,,,0,0
6,nice,2022-05-08 07:22:07.713737,595,3,0,0,,,0,0
7,成功,2022-05-08 07:23:56.143894,595,3,0,0,,,0,0
8,差评,2022-05-12 01:01:49.027176,44897,1,0,0,,,0,0
9,"<p><img alt=""sad"" height=""23"" src=""http://127.0.0.1:9000/static/ckeditor/ckeditor/plugins/smiley/images/sad_smile.png"" title=""sad"" width=""23"" />我有表情哦</p>",2022-05-14 12:17:25.725387,44422,3,0,0,,,0,0
10,"<p><img alt=""wink"" height=""23"" src=""http://127.0.0.1:9000/static/ckeditor/ckeditor/plugins/smiley/images/wink_smile.png"" title=""wink"" width=""23"" /></p>",2022-05-14 15:33:12.710660,15,3,0,1,,,2,1
11,"<p><img alt=""wink"" height=""23"" src=""http://127.0.0.1:9000/static/ckeditor/ckeditor/plugins/smiley/images/wink_smile.png"" title=""wink"" width=""23"" /></p>",2022-05-14 15:42:42.970938,15,3,0,1,,,6,2
12,"<p><strong><img alt=""laugh"" height=""23"" src=""http://127.0.0.1:9000/static/ckeditor/ckeditor/plugins/smiley/images/teeth_smile.png"" title=""laugh"" width=""23"" /></strong></p>",2022-05-14 15:44:02.639170,15,3,1,2,11,3,3,2
13,"<p><img alt=""heart"" height=""23"" src=""http://127.0.0.1:9000/static/ckeditor/ckeditor/plugins/smiley/images/heart.png"" title=""heart"" width=""23"" /></p>",2022-05-14 15:53:48.609088,15,1,1,4,11,3,5,2
